epoch,phase,lr,loss,accuracy
0,train,0.001,2.0397727443738973,0.2352599948644638
0,evaluation,0.001,1.7524084863783438,0.33550000190734863
1,train,0.0009999728588359286,1.8417727706377462,0.31498000025749207
1,evaluation,0.0009999728588359286,1.7573516263237483,0.3646000027656555
2,train,0.0009998914383200486,1.7397303325135995,0.363319993019104
2,evaluation,0.0009998914383200486,1.487578402591657,0.4542999863624573
3,train,0.0009997557473810372,1.6585787022510148,0.39601999521255493
3,evaluation,0.0009997557473810372,1.3585714116881165,0.5026999711990356
4,train,0.000999565800898935,1.5961823972594706,0.42103999853134155
4,evaluation,0.000999565800898935,1.2960550905782966,0.5260000228881836
5,train,0.0009993216197035143,1.5509499518767647,0.4381600022315979
5,evaluation,0.0009993216197035143,1.2289221769646754,0.5564000010490417
6,train,0.0009990232305719946,1.489889327827317,0.46226000785827637
6,evaluation,0.0009990232305719946,1.213968059684657,0.5644000172615051
7,train,0.0009986706662261067,1.452348962159413,0.4747200012207031
7,evaluation,0.0009986706662261067,1.192325334005718,0.5597000122070312
8,train,0.0009982639653285047,1.4097833609032204,0.4927000105381012
8,evaluation,0.0009982639653285047,1.126282123825218,0.5995000004768372
9,train,0.0009978031724785245,1.38278213272924,0.5026199817657471
9,evaluation,0.0009978031724785245,1.1500068012672136,0.5891000032424927
10,train,0.0009972883382072953,1.3463069673084542,0.5187199711799622
10,evaluation,0.0009972883382072953,1.095030292679992,0.6101999878883362
11,train,0.0009967195189721962,1.3276168604945893,0.522159993648529
11,evaluation,0.0009967195189721962,1.0350305317323418,0.6262999773025513
12,train,0.0009960967771506667,1.298587660350458,0.5370799899101257
12,evaluation,0.0009960967771506667,1.038626119305816,0.6347000002861023
13,train,0.0009954201810333646,1.2784833002578266,0.542639970779419
13,evaluation,0.0009954201810333646,0.995946267737618,0.6481000185012817
14,train,0.0009946898048166792,1.2558405472494452,0.5515400171279907
14,evaluation,0.0009946898048166792,0.9569537224648874,0.666100025177002
15,train,0.000993905728594593,1.238674803920414,0.5582799911499023
15,evaluation,0.000993905728594593,0.9548322754570201,0.6572999954223633
16,train,0.0009930680383498998,1.2147268366325847,0.5691800117492676
16,evaluation,0.0009930680383498998,0.9093030555338799,0.6780999898910522
17,train,0.0009921768259447744,1.2075449310605177,0.5720599889755249
17,evaluation,0.0009921768259447744,0.9461604666106308,0.6650999784469604
18,train,0.0009912321891107007,1.1854478224464085,0.5799599885940552
18,evaluation,0.0009912321891107007,0.9501273941390121,0.6568999886512756
19,train,0.0009902342314377522,1.1737921388862689,0.5830600261688232
19,evaluation,0.0009902342314377522,0.8885498416574695,0.6830999851226807
20,train,0.0009891830623632338,1.151229894527084,0.591920018196106
20,evaluation,0.0009891830623632338,0.8471057920516292,0.7052000164985657
21,train,0.00098807879715968,1.1520383130863805,0.5918400287628174
21,evaluation,0.00098807879715968,0.8698597723924661,0.6952999830245972
22,train,0.0009869215569222143,1.1307386219349054,0.6012200117111206
22,evaluation,0.0009869215569222143,0.8771112681944159,0.6945000290870667
23,train,0.0009857114685552697,1.1167204988277173,0.603600025177002
23,evaluation,0.0009857114685552697,0.8634796806528598,0.6972000002861023
24,train,0.0009844486647586721,1.1061833433787842,0.6098200082778931
24,evaluation,0.0009844486647586721,0.8665507405619078,0.6988000273704529
25,train,0.0009831332840130884,1.1049303208165766,0.6076200008392334
25,evaluation,0.0009831332840130884,0.808874483349957,0.7120000123977661
26,train,0.0009817654705648405,1.0988268059537845,0.612500011920929
26,evaluation,0.0009817654705648405,0.8330752638321889,0.7142999768257141
27,train,0.0009803453744100864,1.0878269301960841,0.6152799725532532
27,evaluation,0.0009803453744100864,0.8343891554240939,0.7103000283241272
28,train,0.0009788731512783728,1.076949112250677,0.6216400265693665
28,evaluation,0.0009788731512783728,0.7813818213305895,0.7236999869346619
29,train,0.0009773489626155566,1.070465735309874,0.624239981174469
29,evaluation,0.0009773489626155566,0.8010729226884963,0.7195000052452087
30,train,0.0009757729755661006,1.059247650606248,0.624459981918335
30,evaluation,0.0009757729755661006,0.7838236682022675,0.7275000214576721
31,train,0.0009741453629547445,1.0506520588379686,0.6289799809455872
31,evaluation,0.0009741453629547445,0.7912906212142751,0.7232000231742859
32,train,0.0009724663032675527,1.0462141218392744,0.6314399838447571
32,evaluation,0.0009724663032675527,0.7417452414579029,0.7389000058174133
33,train,0.0009707359806323412,1.041978583921252,0.6342800259590149
33,evaluation,0.0009707359806323412,0.7389161352869831,0.7402999997138977
34,train,0.0009689545847984858,1.0317950392013315,0.6379200220108032
34,evaluation,0.0009689545847984858,0.7549658960933927,0.7358999848365784
35,train,0.0009671223111161144,1.0262933231680595,0.6391400098800659
35,evaluation,0.0009671223111161144,0.7918195645265942,0.7268999814987183
36,train,0.000965239360514684,1.0184735574990587,0.641040027141571
36,evaluation,0.000965239360514684,0.7160727570328531,0.7526000142097473
37,train,0.000963305939480947,1.0160596204535735,0.6431000232696533
37,evaluation,0.000963305939480947,0.7040924229953862,0.7537000179290771
38,train,0.0009613222600363074,1.010581581031575,0.6442199945449829
38,evaluation,0.0009613222600363074,0.7122523833679247,0.753600001335144
39,train,0.0009592885397135703,1.0012901783599268,0.6491000056266785
39,evaluation,0.0009592885397135703,0.7101563871661319,0.7483000159263611
40,train,0.0009572050015330871,0.9933668045741518,0.6510999798774719
40,evaluation,0.0009572050015330871,0.7612503472762772,0.7404999732971191
41,train,0.0009550718739782986,0.9914866528852516,0.6495000123977661
41,evaluation,0.0009550718739782986,0.7446535965309867,0.7436000108718872
42,train,0.0009528893909706794,0.98501596030067,0.6537799835205078
42,evaluation,0.0009528893909706794,0.7143287360668182,0.7501000165939331
43,train,0.0009506577918440856,0.9857997533000643,0.6526399850845337
43,evaluation,0.0009506577918440856,0.7394473794140394,0.7409999966621399
44,train,0.000948377321318509,0.9749364529729194,0.659600019454956
44,evaluation,0.000948377321318509,0.7421958352191539,0.7491000294685364
45,train,0.0009460482294732416,0.9734524771990374,0.6561200022697449
45,evaluation,0.0009460482294732416,0.6949823615671713,0.765500009059906
46,train,0.0009436707717194508,0.9685419912228499,0.6581199765205383
46,evaluation,0.0009436707717194508,0.6994936813282061,0.7651000022888184
47,train,0.0009412452087721706,0.9714053389056564,0.6599199771881104
47,evaluation,0.0009412452087721706,0.7172826603998111,0.754800021648407
48,train,0.000938771806621712,0.9636768875524516,0.6616399884223938
48,evaluation,0.000938771806621712,0.6909671901147577,0.7613999843597412
49,train,0.0009362508365044934,0.9626654595365305,0.6600800156593323
49,evaluation,0.0009362508365044934,0.6920051457761209,0.7649999856948853
50,train,0.0009336825748732968,0.9529701134432917,0.6647599935531616
50,evaluation,0.0009336825748732968,0.699186380905441,0.7612000107765198
51,train,0.0009310673033669517,0.9492183858171448,0.6657999753952026
51,evaluation,0.0009310673033669517,0.6677740518050858,0.7703999876976013
52,train,0.0009284053087794505,0.9476106546419051,0.6674799919128418
52,evaluation,0.0009284053087794505,0.6794912588747242,0.7695000171661377
53,train,0.0009256968830284974,0.9425593744153562,0.6688799858093262
53,evaluation,0.0009256968830284974,0.7144586783421191,0.7585999965667725
54,train,0.0009229423231234972,0.935484024722253,0.670740008354187
54,evaluation,0.0009229423231234972,0.6793246295633195,0.770799994468689
55,train,0.0009201419311329846,0.9316341169654866,0.675320029258728
55,evaluation,0.0009201419311329846,0.6619374597374397,0.7706999778747559
56,train,0.0009172960141514989,0.9264780911033416,0.6760200262069702
56,evaluation,0.0009172960141514989,0.692650664456283,0.7663999795913696
57,train,0.0009144048842659077,0.9284656386241279,0.6734799742698669
57,evaluation,0.0009144048842659077,0.6624712974210328,0.7731999754905701
58,train,0.0009114688585211832,0.918461792914154,0.6761000156402588
58,evaluation,0.0009114688585211832,0.7156430637534661,0.7591000199317932
59,train,0.0009084882588856339,0.9193668254196187,0.6779199838638306
59,evaluation,0.0009084882588856339,0.6558290735075746,0.7767999768257141
60,train,0.0009054634122155986,0.9170908409616222,0.6796000003814697
60,evaluation,0.0009054634122155986,0.6522730747355691,0.7713000178337097
61,train,0.0009023946502196013,0.9147798553147279,0.6809800267219543
61,evaluation,0.0009023946502196013,0.6720656782765931,0.7728999853134155
62,train,0.0008992823094219767,0.9164909875911215,0.6793599724769592
62,evaluation,0.0008992823094219767,0.631966269846204,0.7818999886512756
63,train,0.0008961267311259662,0.9039898004068438,0.6823599934577942
63,evaluation,0.0008961267311259662,0.7237158576144448,0.7616000175476074
64,train,0.0008929282613762903,0.8992225918013727,0.6853399872779846
64,evaluation,0.0008929282613762903,0.6731796532492095,0.770799994468689
65,train,0.0008896872509212002,0.8997238150338078,0.6851199865341187
65,evaluation,0.0008896872509212002,0.658452840922754,0.7766000032424927
66,train,0.0008864040551740152,0.8945802733721331,0.6844800114631653
66,evaluation,0.0008864040551740152,0.6099793480921395,0.7924000024795532
67,train,0.0008830790341741476,0.9022643028012932,0.683459997177124
67,evaluation,0.0008830790341741476,0.6140066321137585,0.7901999950408936
68,train,0.000879712552547619,0.8956197866088594,0.6843600273132324
68,evaluation,0.000879712552547619,0.5998289570023742,0.792900025844574
69,train,0.0008763049794670771,0.8905817038567779,0.6862999796867371
69,evaluation,0.0008763049794670771,0.6233094115800495,0.7853000164031982
70,train,0.0008728566886113098,0.8834213898005083,0.6900399923324585
70,evaluation,0.0008728566886113098,0.6251477931119218,0.7847999930381775
71,train,0.000869368058124268,0.8777692752421055,0.6901800036430359
71,evaluation,0.000869368058124268,0.6084187177917625,0.7893999814987183
72,train,0.0008658394705735983,0.8800761518271073,0.69132000207901
72,evaluation,0.0008658394705735983,0.633112286842322,0.7864999771118164
73,train,0.0008622713129086888,0.8828845798511944,0.6916400194168091
73,evaluation,0.0008622713129086888,0.597464605600019,0.7954999804496765
74,train,0.0008586639764182372,0.8747984443784065,0.6934599876403809
74,evaluation,0.0008586639764182372,0.6394574057452286,0.7843999862670898
75,train,0.0008550178566873405,0.8701143998014348,0.6965199708938599
75,evaluation,0.0008550178566873405,0.6778016577038584,0.7662000060081482
76,train,0.0008513333535541156,0.8626853177309646,0.6938999891281128
76,evaluation,0.0008513333535541156,0.6196418166915073,0.7889999747276306
77,train,0.0008476108710658509,0.8644415757540241,0.699180006980896
77,evaluation,0.0008476108710658509,0.5909269387963452,0.7996000051498413
78,train,0.0008438508174347005,0.8679429961897224,0.6962599754333496
78,evaluation,0.0008438508174347005,0.588973550856868,0.8019000291824341
79,train,0.0008400536049929166,0.8567812436681879,0.698140025138855
79,evaluation,0.0008400536049929166,0.6022547253325016,0.7986000180244446
80,train,0.0008362196501476343,0.8556651823660907,0.7000799775123596
80,evaluation,0.0008362196501476343,0.592075717600086,0.8015000224113464
81,train,0.0008323493733352072,0.8524593189549263,0.6992599964141846
81,evaluation,0.0008323493733352072,0.5811377646802347,0.8004999756813049
82,train,0.0008284431989751018,0.8440145304440843,0.701479971408844
82,evaluation,0.0008284431989751018,0.6026807329322719,0.7957000136375427
83,train,0.000824501555423355,0.8492839228161766,0.702239990234375
83,evaluation,0.000824501555423355,0.6064445700826524,0.7919999957084656
84,train,0.0008205248749256009,0.8400660506294816,0.7036399841308594
84,evaluation,0.0008205248749256009,0.6159976517097859,0.7947999835014343
85,train,0.000816513593569669,0.8430276224985147,0.7039200067520142
85,evaluation,0.000816513593569669,0.5998953165887277,0.798799991607666
86,train,0.0008124681512377632,0.8370830663634689,0.7078199982643127
86,evaluation,0.0008124681512377632,0.577547097885156,0.807699978351593
87,train,0.000808388991558223,0.8386545227006879,0.705780029296875
87,evaluation,0.000808388991558223,0.5832441049286082,0.8069999814033508
88,train,0.0008042765618568752,0.8272175496191625,0.7076799869537354
88,evaluation,0.0008042765618568752,0.5769751279414455,0.804099977016449
89,train,0.0008001313131079794,0.8245332629784293,0.7084400057792664
89,evaluation,0.0008001313131079794,0.5904410488997833,0.8021000027656555
90,train,0.0007959536998847737,0.8293552973386272,0.7087799906730652
90,evaluation,0.0007959536998847737,0.6113458475734614,0.7918000221252441
91,train,0.0007917441803096255,0.8263169719130182,0.708899974822998
91,evaluation,0.0007917441803096255,0.6115855480296702,0.7932000160217285
92,train,0.0007875032160037932,0.8115776449518131,0.7137399911880493
92,evaluation,0.0007875032160037932,0.5649896920481815,0.8052999973297119
93,train,0.0007832312720368042,0.8209427953376185,0.71288001537323
93,evaluation,0.0007832312720368042,0.5815734719928307,0.8044000267982483
94,train,0.0007789288168754548,0.8187483603996999,0.7149400115013123
94,evaluation,0.0007789288168754548,0.5753301876255229,0.8104000091552734
95,train,0.0007745963223324379,0.8049936161931518,0.7170600295066833
95,evaluation,0.0007745963223324379,0.6052040876467016,0.7957000136375427
96,train,0.0007702342635146028,0.814340953326896,0.7150800228118896
96,evaluation,0.0007702342635146028,0.5945264466955692,0.7979999780654907
97,train,0.000765843118770855,0.8074510624951414,0.7166600227355957
97,evaluation,0.000765843118770855,0.5911805169491828,0.8051000237464905
98,train,0.0007614233696396991,0.8069227432350978,0.7169399857521057
98,evaluation,0.0007614233696396991,0.5455346496044835,0.8163999915122986
99,train,0.0007569755007964334,0.8020107901614645,0.7191799879074097
99,evaluation,0.0007569755007964334,0.5637789413898806,0.8097000122070312
100,train,0.0007524999999999996,0.7962769303480377,0.72079998254776
100,evaluation,0.0007524999999999996,0.6396239105659195,0.788100004196167
101,train,0.0007479973580394943,0.7973102315917344,0.7177799940109253
101,evaluation,0.0007479973580394943,0.6101328247710119,0.7961000204086304
102,train,0.0007434680686803487,0.791526633607762,0.722100019454956
102,evaluation,0.0007434680686803487,0.5613336400895179,0.8141000270843506
103,train,0.0007389126286101815,0.7944336201223876,0.7223600149154663
103,evaluation,0.0007389126286101815,0.5729015333743035,0.807699978351593
104,train,0.0007343315373843313,0.7884979123044806,0.7245200276374817
104,evaluation,0.0007343315373843313,0.5622667964500717,0.8111000061035156
105,train,0.0007297252973710753,0.7852876988213385,0.7230200171470642
105,evaluation,0.0007297252973710753,0.5338874327231057,0.8181999921798706
106,train,0.0007250944136965387,0.788929317918275,0.7233200073242188
106,evaluation,0.0007250944136965387,0.5459982982919186,0.8151999711990356
107,train,0.0007204393941893019,0.7785909567647578,0.7273600101470947
107,evaluation,0.0007204393941893019,0.5706567545480365,0.8101000189781189
108,train,0.0007157607493247106,0.7854257453128201,0.7242599725723267
108,evaluation,0.0007157607493247106,0.5648795347425002,0.8159999847412109
109,train,0.0007110589921688983,0.7750412212003528,0.7279999852180481
109,evaluation,0.0007110589921688983,0.5464192315747466,0.8130000233650208
110,train,0.0007063346383225208,0.7694223072675183,0.7297199964523315
110,evaluation,0.0007063346383225208,0.5925343255453472,0.8047999739646912
111,train,0.0007015882058642161,0.773101914264357,0.7291799783706665
111,evaluation,0.0007015882058642161,0.5402040809770173,0.8148999810218811
112,train,0.0006968202152937907,0.770576138782989,0.7323600053787231
112,evaluation,0.0006968202152937907,0.5410189802133585,0.8166000247001648
113,train,0.000692031189475141,0.7675158735126486,0.7289800047874451
113,evaluation,0.000692031189475141,0.5598809126811691,0.8136000037193298
114,train,0.0006872216535789155,0.7638629357833082,0.7321799993515015
114,evaluation,0.0006872216535789155,0.5353782493856889,0.8228999972343445
115,train,0.0006823921350249233,0.7628069599266247,0.733299970626831
115,evaluation,0.0006823921350249233,0.5675554890421373,0.8123000264167786
116,train,0.0006775431634242984,0.7606336511004611,0.7318599820137024
116,evaluation,0.0006775431634242984,0.5281072930444645,0.8255000114440918
117,train,0.0006726752705214191,0.7582382610082017,0.733739972114563
117,evaluation,0.0006726752705214191,0.5285880350613896,0.8241999745368958
118,train,0.0006677889901355985,0.7505925366335817,0.7368000149726868
118,evaluation,0.0006677889901355985,0.5576098821585691,0.8144999742507935
119,train,0.0006628848581025445,0.7552455724657648,0.734000027179718
119,evaluation,0.0006628848581025445,0.5310257050809981,0.8228999972343445
120,train,0.0006579634122155989,0.750784846827807,0.7398999929428101
120,evaluation,0.0006579634122155989,0.5401955775067776,0.8226000070571899
121,train,0.0006530251921667629,0.7524829019061134,0.7359600067138672
121,evaluation,0.0006530251921667629,0.5557000067415117,0.8093000054359436
122,train,0.0006480707394875134,0.7422703480933939,0.7399200201034546
122,evaluation,0.0006480707394875134,0.5315180635904964,0.8213000297546387
123,train,0.0006431005974894185,0.7460739748252322,0.7391600012779236
123,evaluation,0.0006431005974894185,0.5302532319026657,0.8245000243186951
124,train,0.0006381153112045565,0.7454916738793064,0.7400400042533875
124,evaluation,0.0006381153112045565,0.5178321618822557,0.8270000219345093
125,train,0.0006331154273257479,0.7399901658525248,0.7421799898147583
125,evaluation,0.0006331154273257479,0.541029116020927,0.8209999799728394
126,train,0.000628101494146603,0.7398038279369968,0.7405800223350525
126,evaluation,0.000628101494146603,0.5250808298587799,0.8230000138282776
127,train,0.0006230740615013976,0.7345271467247887,0.7418599724769592
127,evaluation,0.0006230740615013976,0.5217846833829638,0.8264999985694885
128,train,0.0006180336807047746,0.7309813642745737,0.7433800101280212
128,evaluation,0.0006180336807047746,0.5456106093110917,0.8219000101089478
129,train,0.0006129809044912887,0.7321431816691328,0.7437000274658203
129,evaluation,0.0006129809044912887,0.5184185184255431,0.8271999955177307
130,train,0.0006079162869547909,0.7314556636621276,0.7430199980735779
130,evaluation,0.0006079162869547909,0.5152541534810127,0.828000009059906
131,train,0.0006028403834876673,0.7249729581501173,0.7446399927139282
131,evaluation,0.0006028403834876673,0.5295692554003075,0.8264999985694885
132,train,0.0005977537507199337,0.7235385212294586,0.7466999888420105
132,evaluation,0.0005977537507199337,0.49751201498357556,0.8373000025749207
133,train,0.0005926569464581937,0.7295249163189812,0.7455400228500366
133,evaluation,0.0005926569464581937,0.5306154979935175,0.8205000162124634
134,train,0.0005875505296244705,0.7168627779197205,0.750540018081665
134,evaluation,0.0005875505296244705,0.5272712767878666,0.8306999802589417
135,train,0.0005824350601949142,0.7159267417000382,0.7483400106430054
135,evaluation,0.0005824350601949142,0.5271806867816781,0.8295999765396118
136,train,0.0005773110991383937,0.7163943761145063,0.7483000159263611
136,evaluation,0.0005773110991383937,0.544956944411314,0.8183000087738037
137,train,0.0005721792083549806,0.7149897274153921,0.75
137,evaluation,0.0005721792083549806,0.5013320630864252,0.8281999826431274
138,train,0.0005670399506143306,0.7051426709612922,0.75382000207901
138,evaluation,0.0005670399506143306,0.5099627779254431,0.8309999704360962
139,train,0.000561893889493969,0.7033685081450226,0.7545599937438965
139,evaluation,0.000561893889493969,0.5367760401737841,0.8241000175476074
140,train,0.0005567415893174885,0.7096831515774398,0.7510200142860413
140,evaluation,0.0005567415893174885,0.516280093902274,0.8303999900817871
141,train,0.0005515836150926646,0.6991000213586461,0.7557799816131592
141,evaluation,0.0005515836150926646,0.5027243619478201,0.8334000110626221
142,train,0.0005464205324494961,0.7040134730851254,0.7546399831771851
142,evaluation,0.0005464205324494961,0.5053368263606783,0.8337000012397766
143,train,0.0005412529075781776,0.6983364590293611,0.7538599967956543
143,evaluation,0.0005412529075781776,0.5158244054528731,0.8324999809265137
144,train,0.0005360813071670101,0.6996839265994099,0.7529000043869019
144,evaluation,0.0005360813071670101,0.5165332250202759,0.8306999802589417
145,train,0.0005309062983402573,0.698927990996929,0.7567600011825562
145,evaluation,0.0005309062983402573,0.51598593121088,0.8309999704360962
146,train,0.0005257284485959538,0.7005841696201383,0.7541400194168091
146,evaluation,0.0005257284485959538,0.4860432860972006,0.8402000069618225
147,train,0.0005205483257436734,0.698522072466438,0.7576000094413757
147,evaluation,0.0005205483257436734,0.48498356512075735,0.8406000137329102
148,train,0.0005153664978422616,0.6869311805271432,0.7574800252914429
148,evaluation,0.0005153664978422616,0.5015634549192235,0.8363000154495239
149,train,0.0005101835331375416,0.6845514738498746,0.7601199746131897
149,evaluation,0.0005101835331375416,0.5112170897707154,0.8313000202178955
150,train,0.0005049999999999999,0.6833017403664796,0.7617599964141846
150,evaluation,0.0005049999999999999,0.5197751842722108,0.8327000141143799
151,train,0.0004998164668624582,0.6828752263732578,0.7595999836921692
151,evaluation,0.0004998164668624582,0.4831968383698524,0.8400999903678894
152,train,0.0004946335021577383,0.6806109919572425,0.7629200220108032
152,evaluation,0.0004946335021577383,0.51327807541135,0.8331999778747559
153,train,0.0004894516742563263,0.6741698979569213,0.7664399743080139
153,evaluation,0.0004894516742563263,0.5242714033096652,0.8317000269889832
154,train,0.000484271551404046,0.676077477919781,0.7641199827194214
154,evaluation,0.000484271551404046,0.47874300974079326,0.8447999954223633
155,train,0.0004790937016597426,0.6752809493438058,0.7638800144195557
155,evaluation,0.0004790937016597426,0.5055679833587212,0.8371000289916992
156,train,0.0004739186928329898,0.6713522818997083,0.7658200263977051
156,evaluation,0.0004739186928329898,0.4852065557165991,0.8396000266075134
157,train,0.0004687470924218222,0.664737670013057,0.7679799795150757
157,evaluation,0.0004687470924218222,0.5161182384324979,0.8352000117301941
158,train,0.00046357946755050356,0.6699208583673248,0.7651600241661072
158,evaluation,0.00046357946755050356,0.48732848069335843,0.838699996471405
159,train,0.00045841638490733513,0.6603461650326429,0.768779993057251
159,evaluation,0.00045841638490733513,0.5096353824380078,0.8374999761581421
160,train,0.00045325841068251133,0.6591468018186671,0.7672200202941895
160,evaluation,0.00045325841068251133,0.5122582082506977,0.8359000086784363
161,train,0.0004481061105060308,0.6506791876252654,0.7729799747467041
161,evaluation,0.0004481061105060308,0.4871912213820445,0.8456000089645386
162,train,0.0004429600493856691,0.650701791352933,0.7726399898529053
162,evaluation,0.0004429600493856691,0.48754080186916304,0.8438000082969666
163,train,0.000437820791645019,0.6522313479877189,0.771399974822998
163,evaluation,0.000437820791645019,0.48450298739385,0.8456000089645386
164,train,0.00043268890086160604,0.6530119618948769,0.7710199952125549
164,evaluation,0.00043268890086160604,0.5101086780240264,0.8363999724388123
165,train,0.0004275649398050855,0.6406413711550291,0.7762799859046936
165,evaluation,0.0004275649398050855,0.5116772853498217,0.8373000025749207
166,train,0.0004224494703755289,0.6505822794669119,0.772819995880127
166,evaluation,0.0004224494703755289,0.5165545268903805,0.8367000222206116
167,train,0.00041734305354180595,0.6460894504776391,0.7745599746704102
167,evaluation,0.00041734305354180595,0.5189920856228357,0.8366000056266785
168,train,0.000412246249280066,0.6476247524818801,0.7732800245285034
168,evaluation,0.000412246249280066,0.4914921322200872,0.8428000211715698
169,train,0.0004071596165123322,0.6320749729338204,0.7777400016784668
169,evaluation,0.0004071596165123322,0.546481215878378,0.8294000029563904
170,train,0.0004020837130452088,0.6341081480388446,0.7772799730300903
170,evaluation,0.0004020837130452088,0.5193853227398063,0.8395000100135803
171,train,0.00039701909550871116,0.6347915395294004,0.777999997138977
171,evaluation,0.00039701909550871116,0.49201829429668714,0.8442999720573425
172,train,0.0003919663192952252,0.6315201044539966,0.7783799767494202
172,evaluation,0.0003919663192952252,0.5127368865511085,0.84170001745224
173,train,0.0003869259384986023,0.6332813311568306,0.778659999370575
173,evaluation,0.0003869259384986023,0.4836610248194465,0.8463000059127808
174,train,0.0003818985058533967,0.6360717282423278,0.7773799896240234
174,evaluation,0.0003818985058533967,0.4937394212318372,0.8464999794960022
175,train,0.00037688457267425206,0.622054326412318,0.7826200127601624
175,evaluation,0.00037688457267425206,0.500048047756847,0.8402000069618225
176,train,0.0003718846887954434,0.624255796070294,0.77947998046875
176,evaluation,0.0003718846887954434,0.5136484458476682,0.8396999835968018
177,train,0.0003668994025105812,0.6256598113747813,0.7803199887275696
177,evaluation,0.0003668994025105812,0.5296224683900422,0.838100016117096
178,train,0.0003619292605124862,0.6232350865745788,0.7804999947547913
178,evaluation,0.0003619292605124862,0.49595327241511283,0.8446000218391418
179,train,0.00035697480783323686,0.611735236461815,0.785040020942688
179,evaluation,0.00035697480783323686,0.5355930852739117,0.8339999914169312
180,train,0.00035203658778440076,0.6088708276334016,0.7864000201225281
180,evaluation,0.00035203658778440076,0.47071451703204387,0.8486999869346619
181,train,0.00034711514189745505,0.6121706816241564,0.7863399982452393
181,evaluation,0.00034711514189745505,0.48749710713760763,0.8485000133514404
182,train,0.00034221100986440094,0.6097128674807146,0.7865999937057495
182,evaluation,0.00034221100986440094,0.47051705061634885,0.850600004196167
183,train,0.0003373247294785804,0.6041922543359839,0.7902799844741821
183,evaluation,0.0003373247294785804,0.47301262447351144,0.8478999733924866
184,train,0.0003324568365757012,0.5972677762703518,0.79066002368927
184,evaluation,0.0003324568365757012,0.4797288443468794,0.8499000072479248
185,train,0.0003276078649750761,0.6036837488184195,0.7890400290489197
185,evaluation,0.0003276078649750761,0.47502023396612725,0.8508999943733215
186,train,0.00032277834642108417,0.6003145466527671,0.789359986782074
186,evaluation,0.00032277834642108417,0.5089895779950709,0.8442999720573425
187,train,0.00031796881052485835,0.5951245003344153,0.7898600101470947
187,evaluation,0.00031796881052485835,0.4852391805829881,0.8456000089645386
188,train,0.00031317978470620867,0.5933548159459058,0.792680025100708
188,evaluation,0.00031317978470620867,0.48394108422194854,0.8518999814987183
189,train,0.00030841179413578315,0.5853833248243308,0.7959200143814087
189,evaluation,0.00030841179413578315,0.4695027561127385,0.8522999882698059
190,train,0.0003036653616774785,0.587175286639377,0.7930200099945068
190,evaluation,0.0003036653616774785,0.4634327677231801,0.8510000109672546
191,train,0.0002989410078311011,0.5908647996690267,0.7907800078392029
191,evaluation,0.0002989410078311011,0.47616772127302387,0.8514999747276306
192,train,0.00029423925067528865,0.5915949264603197,0.7918400168418884
192,evaluation,0.00029423925067528865,0.4717655072483835,0.8525999784469604
193,train,0.0002895606058106975,0.5896814125578117,0.792900025844574
193,evaluation,0.0002895606058106975,0.5005329602126833,0.8428999781608582
194,train,0.0002849055863034606,0.583073638894064,0.7965999841690063
194,evaluation,0.0002849055863034606,0.48487708727015727,0.8467000126838684
195,train,0.00028027470262892396,0.5826141030129874,0.7927600145339966
195,evaluation,0.00028027470262892396,0.4746156461253951,0.8500000238418579
196,train,0.0002756684626156682,0.5786285760914883,0.7967399954795837
196,evaluation,0.0002756684626156682,0.46458895711959164,0.8533999919891357
197,train,0.000271087371389818,0.5745771583693716,0.797980010509491
197,evaluation,0.000271087371389818,0.47329976626589326,0.853600025177002
198,train,0.0002665319313196505,0.5757593644397033,0.7990000247955322
198,evaluation,0.0002665319313196505,0.47994649957252455,0.8529000282287598
199,train,0.00026200264196050494,0.5729587448527441,0.8006200194358826
199,evaluation,0.00026200264196050494,0.4738620595086979,0.8485000133514404
200,train,0.00025749999999999954,0.5691982874327608,0.8006600141525269
200,evaluation,0.00025749999999999954,0.4966828423210337,0.8482000231742859
201,train,0.0002530244992035658,0.5588320669005898,0.8027999997138977
201,evaluation,0.0002530244992035658,0.4855179020875617,0.853600025177002
202,train,0.0002485766303603003,0.5600321520777309,0.8038399815559387
202,evaluation,0.0002485766303603003,0.4845774283137503,0.852400004863739
203,train,0.0002441568812291443,0.5615670060562661,0.8041599988937378
203,evaluation,0.0002441568812291443,0.5000084929073914,0.8479999899864197
204,train,0.00023976573648539645,0.5567220976895384,0.8047800064086914
204,evaluation,0.00023976573648539645,0.470026651892481,0.8578000068664551
205,train,0.00023540367766756144,0.5477326876672027,0.8080199956893921
205,evaluation,0.00023540367766756144,0.481515940231613,0.8529999852180481
206,train,0.0002310711831245444,0.5522413644796748,0.805180013179779
206,evaluation,0.0002310711831245444,0.4817645655402654,0.8508999943733215
207,train,0.00022676872796319514,0.5489780803013335,0.8089600205421448
207,evaluation,0.00022676872796319514,0.4946731404413151,0.850600004196167
208,train,0.00022249678399620604,0.5482296913938449,0.8058599829673767
208,evaluation,0.00022249678399620604,0.48925111942653415,0.8511000275611877
209,train,0.0002182558196903736,0.5434712442138311,0.8090000152587891
209,evaluation,0.0002182558196903736,0.4794019136247756,0.8568999767303467
210,train,0.00021404630011522552,0.5383121517613111,0.8107600212097168
210,evaluation,0.00021404630011522552,0.4739395919479901,0.8562999963760376
211,train,0.0002098686868920198,0.5392298320370257,0.8113800287246704
211,evaluation,0.0002098686868920198,0.47933933025673975,0.854200005531311
212,train,0.00020572343814312415,0.543272767149274,0.8093199729919434
212,evaluation,0.00020572343814312415,0.48288880420636526,0.8526999950408936
213,train,0.00020161100844177644,0.5470155383772253,0.8101599812507629
213,evaluation,0.00020161100844177644,0.4655213648382622,0.8532999753952026
214,train,0.0001975318487622361,0.5332896710966554,0.8116999864578247
214,evaluation,0.0001975318487622361,0.47787859281407125,0.857699990272522
215,train,0.00019348640643033024,0.5327144435909398,0.8122400045394897
215,evaluation,0.00019348640643033024,0.45958333490770076,0.8604000210762024
216,train,0.00018947512507439828,0.5281109722221599,0.8162800073623657
216,evaluation,0.00018947512507439828,0.47605281313763387,0.8564000129699707
217,train,0.00018549844457664425,0.530601152297481,0.8148000240325928
217,evaluation,0.00018549844457664425,0.47374965495701077,0.857699990272522
218,train,0.00018155680102489765,0.523748150414518,0.8174200057983398
218,evaluation,0.00018155680102489765,0.4946928618452217,0.8518000245094299
219,train,0.00017765062666479195,0.5245902433877101,0.8162400126457214
219,evaluation,0.00017765062666479195,0.47922137266472925,0.8580999970436096
220,train,0.00017378034985236489,0.5169129275604892,0.8180999755859375
220,evaluation,0.00017378034985236489,0.4777929292449468,0.859000027179718
221,train,0.0001699463950070827,0.5236322851589573,0.8154600262641907
221,evaluation,0.0001699463950070827,0.4895700365304947,0.8547000288963318
222,train,0.0001661491825652988,0.5149752954235467,0.8200600147247314
222,evaluation,0.0001661491825652988,0.4873903737037997,0.854200005531311
223,train,0.0001623891289341484,0.5139326389183474,0.8209999799728394
223,evaluation,0.0001623891289341484,0.46072260111193114,0.8618000149726868
224,train,0.0001586666464458838,0.5082810686524871,0.8216800093650818
224,evaluation,0.0001586666464458838,0.4799947998946226,0.8589000105857849
225,train,0.00015498214331265874,0.5111528407124912,0.8217800259590149
225,evaluation,0.00015498214331265874,0.48044074996362757,0.8572999835014343
226,train,0.00015133602358176218,0.5114587729086961,0.8207799792289734
226,evaluation,0.00015133602358176218,0.48576585288289226,0.8568000197410583
227,train,0.00014772868709131046,0.5010679324569605,0.8242400288581848
227,evaluation,0.00014772868709131046,0.46706006194971783,0.8622999787330627
228,train,0.00014416052942640113,0.5031417273651914,0.8233000040054321
228,evaluation,0.00014416052942640113,0.47779622843748404,0.8586000204086304
229,train,0.0001406319418757314,0.5023320093941506,0.8246999979019165
229,evaluation,0.0001406319418757314,0.47005389951452425,0.8593999743461609
230,train,0.00013714331138868954,0.5021600095969637,0.8248400092124939
230,evaluation,0.00013714331138868954,0.49846678368652925,0.8543000221252441
231,train,0.00013369502053292226,0.49727891686627324,0.8252999782562256
231,evaluation,0.00013369502053292226,0.4861394087725048,0.8553000092506409
232,train,0.0001302874474523804,0.4998971351119868,0.8240000009536743
232,evaluation,0.0001302874474523804,0.4786454405211195,0.8579000234603882
233,train,0.00012692096582585187,0.4989299470049036,0.8238599896430969
233,evaluation,0.00012692096582585187,0.4735006184517583,0.8586000204086304
234,train,0.00012359594482598416,0.4950547977481657,0.8258399963378906
234,evaluation,0.00012359594482598416,0.46056992494607274,0.8646000027656555
235,train,0.00012031274907879919,0.4939155808037809,0.8262400031089783
235,evaluation,0.00012031274907879919,0.47052825855303415,0.8619999885559082
236,train,0.00011707173862370913,0.48774926589273127,0.8284400105476379
236,evaluation,0.00011707173862370913,0.47130434309379965,0.8610000014305115
237,train,0.00011387326887403316,0.4890683900059946,0.8299000263214111
237,evaluation,0.00011387326887403316,0.4788506261155575,0.8601999878883362
238,train,0.00011071769057802265,0.48856377060456047,0.8285599946975708
238,evaluation,0.00011071769057802265,0.4583040845545032,0.8669000267982483
239,train,0.0001076053497803982,0.48893086829453786,0.82805997133255
239,evaluation,0.0001076053497803982,0.474976215558716,0.862500011920929
240,train,0.00010453658778440088,0.47791649290667776,0.8320000171661377
240,evaluation,0.00010453658778440088,0.48444541685188874,0.8582000136375427
241,train,0.00010151174111436543,0.4811462179169326,0.8310999870300293
241,evaluation,0.00010151174111436543,0.47200007283989387,0.8616999983787537
242,train,9.853114147881633e-05,0.47957866941876426,0.83160001039505
242,evaluation,9.853114147881633e-05,0.4795156419277191,0.8587999939918518
243,train,9.559511573409167e-05,0.47503502929911895,0.8332399725914001
243,evaluation,9.559511573409167e-05,0.4755293034677264,0.8619999885559082
244,train,9.270398584850061e-05,0.47509201446457594,0.832040011882782
244,evaluation,9.270398584850061e-05,0.47780487582653386,0.859499990940094
245,train,8.985806886701499e-05,0.46954529726749183,0.8365399837493896
245,evaluation,8.985806886701499e-05,0.49249785912187793,0.8568999767303467
246,train,8.705767687650239e-05,0.4729700464269389,0.8351600170135498
246,evaluation,8.705767687650239e-05,0.4651582486267331,0.864300012588501
247,train,8.430311697150229e-05,0.46968790774455155,0.8344399929046631
247,evaluation,8.430311697150229e-05,0.4851542164253283,0.8598999977111816
248,train,8.159469122054909e-05,0.4679882738291455,0.8357999920845032
248,evaluation,8.159469122054909e-05,0.48047271106816547,0.8633999824523926
249,train,7.893269663304782e-05,0.47010748839134453,0.8366000056266785
249,evaluation,7.893269663304782e-05,0.4820671040046064,0.8626999855041504
250,train,7.631742512670282e-05,0.4711371697580723,0.835640013217926
250,evaluation,7.631742512670282e-05,0.4808864917936204,0.8619999885559082
251,train,7.374916349550603e-05,0.4722705645405728,0.834559977054596
251,evaluation,7.374916349550603e-05,0.4782732621401171,0.8640999794006348
252,train,7.122819337828741e-05,0.4662232860884703,0.8371800184249878
252,evaluation,7.122819337828741e-05,0.4757336213996139,0.8637999892234802
253,train,6.875479122782878e-05,0.46552004701341204,0.8367000222206116
253,evaluation,6.875479122782878e-05,0.4787017486140698,0.8633999824523926
254,train,6.632922828054862e-05,0.4607702231468142,0.8369799852371216
254,evaluation,6.632922828054862e-05,0.4764782512866998,0.8654000163078308
255,train,6.395177052675786e-05,0.4581194818019867,0.8392000198364258
255,evaluation,6.395177052675786e-05,0.46946404100973393,0.8664000034332275
256,train,6.162267868149065e-05,0.4546264192789717,0.8399999737739563
256,evaluation,6.162267868149065e-05,0.4860526508168329,0.8614000082015991
257,train,5.934220815591413e-05,0.45831508275188143,0.840719997882843
257,evaluation,5.934220815591413e-05,0.4801526020599317,0.8644000291824341
258,train,5.711060902932035e-05,0.456598951497956,0.8398399949073792
258,evaluation,5.711060902932035e-05,0.4843623830547816,0.8629999756813049
259,train,5.492812602170101e-05,0.4529920864440596,0.8427199721336365
259,evaluation,5.492812602170101e-05,0.4904996948906138,0.8644999861717224
260,train,5.279499846691256e-05,0.4493510278365801,0.842199981212616
260,evaluation,5.279499846691256e-05,0.47652511845661116,0.8666999936103821
261,train,5.071146028642938e-05,0.4524301244779621,0.8423399925231934
261,evaluation,5.071146028642938e-05,0.48795232554025286,0.8636000156402588
262,train,4.867773996369213e-05,0.44841369933179576,0.8422600030899048
262,evaluation,4.867773996369213e-05,0.49004644683644744,0.8664000034332275
263,train,4.669406051905255e-05,0.44781783238396317,0.843779981136322
263,evaluation,4.669406051905255e-05,0.4899188906331606,0.8648999929428101
264,train,4.476063948531553e-05,0.448061401658046,0.8436800241470337
264,evaluation,4.476063948531553e-05,0.49027099488656734,0.8647000193595886
265,train,4.2877688883885086e-05,0.451776652689785,0.841920018196106
265,evaluation,4.2877688883885086e-05,0.4866032106212423,0.8661999702453613
266,train,4.1045415201513684e-05,0.4470441961075034,0.8442400097846985
266,evaluation,4.1045415201513684e-05,0.4852409770217123,0.8657000064849854
267,train,3.926401936765836e-05,0.4439918005557926,0.8445799946784973
267,evaluation,3.926401936765836e-05,0.48531817861750154,0.8648999929428101
268,train,3.753369673244687e-05,0.4429791022063521,0.8456199765205383
268,evaluation,3.753369673244687e-05,0.4799158158181589,0.8652999997138977
269,train,3.5854637045255115e-05,0.4464027373991964,0.8432199954986572
269,evaluation,3.5854637045255115e-05,0.47874039619029324,0.8669999837875366
270,train,3.422702443389897e-05,0.44227471025398624,0.8456199765205383
270,evaluation,3.422702443389897e-05,0.4837603855736648,0.8655999898910522
271,train,3.265103738444294e-05,0.4352883099747436,0.8496000170707703
271,evaluation,3.265103738444294e-05,0.48482901518103444,0.8644000291824341
272,train,3.112684872162669e-05,0.440589493383532,0.8463199734687805
272,evaluation,3.112684872162669e-05,0.487169621488716,0.8659999966621399
273,train,2.9654625589913163e-05,0.4340275743275957,0.8460599780082703
273,evaluation,2.9654625589913163e-05,0.48333484575718266,0.864799976348877
274,train,2.823452943515922e-05,0.43591425752700746,0.8482400178909302
274,evaluation,2.823452943515922e-05,0.48014958881879155,0.8644999861717224
275,train,2.6866715986911168e-05,0.44082071409201073,0.8454800248146057
275,evaluation,2.6866715986911168e-05,0.48579590909088716,0.8644000291824341
276,train,2.5551335241327604e-05,0.4320674811101631,0.8493800163269043
276,evaluation,2.5551335241327604e-05,0.4859023294116877,0.864300012588501
277,train,2.4288531444730185e-05,0.44090393025551916,0.8466799855232239
277,evaluation,2.4288531444730185e-05,0.48440729175941855,0.8657000064849854
278,train,2.3078443077785645e-05,0.43047964618638956,0.8489800095558167
278,evaluation,2.3078443077785645e-05,0.48734573435179795,0.8647000193595886
279,train,2.1921202840320064e-05,0.4425823749102595,0.8443599939346313
279,evaluation,2.1921202840320064e-05,0.4784218067232567,0.8664000034332275
280,train,2.081693763676623e-05,0.4345514781182379,0.8477399945259094
280,evaluation,2.081693763676623e-05,0.48457678926141956,0.8639000058174133
281,train,1.9765768562247723e-05,0.4316401217904542,0.8495000004768372
281,evaluation,1.9765768562247723e-05,0.4827697620361666,0.864300012588501
282,train,1.876781088929913e-05,0.42613230969594873,0.8497400283813477
282,evaluation,1.876781088929913e-05,0.4865388887215264,0.8650000095367432
283,train,1.7823174055225262e-05,0.4266665606852383,0.8509200215339661
283,evaluation,1.7823174055225262e-05,0.4813918839149837,0.8658999800682068
284,train,1.693196165010003e-05,0.43512182475051003,0.8467199802398682
284,evaluation,1.693196165010003e-05,0.48655734956264496,0.8655999898910522
285,train,1.6094271405406855e-05,0.42960531864782125,0.8493000268936157
285,evaluation,1.6094271405406855e-05,0.4880081019069575,0.8651999831199646
286,train,1.5310195183320773e-05,0.4307421009863734,0.8500999808311462
286,evaluation,1.5310195183320773e-05,0.49310455141188225,0.864799976348877
287,train,1.4579818966635417e-05,0.43332298987966666,0.8481799960136414
287,evaluation,1.4579818966635417e-05,0.4894690660736229,0.8655999898910522
288,train,1.3903222849333505e-05,0.4302097595561191,0.8485199809074402
288,evaluation,1.3903222849333505e-05,0.489569736055181,0.8634999990463257
289,train,1.3280481027803759e-05,0.42905582788655217,0.8506799936294556
289,evaluation,1.3280481027803759e-05,0.48554154098788394,0.8644000291824341
290,train,1.271166179270472e-05,0.4254782445290509,0.8508999943733215
290,evaluation,1.271166179270472e-05,0.48573319293275663,0.8648999929428101
291,train,1.21968275214754e-05,0.42769001165161963,0.8511800169944763
291,evaluation,1.21968275214754e-05,0.4898107481908195,0.8646000027656555
292,train,1.1736034671495336e-05,0.4254048543284311,0.8517600297927856
292,evaluation,1.1736034671495336e-05,0.48806622643259506,0.8648999929428101
293,train,1.1329333773893242e-05,0.4242163703722112,0.8511199951171875
293,evaluation,1.1329333773893242e-05,0.4857134221098091,0.8647000193595886
294,train,1.0976769428005577e-05,0.4259420106249392,0.8505799770355225
294,evaluation,1.0976769428005577e-05,0.4903684481035305,0.8641999959945679
295,train,1.0678380296485951e-05,0.4295871448333916,0.8501200079917908
295,evaluation,1.0678380296485951e-05,0.4905661029528968,0.8644000291824341
296,train,1.04341991010651e-05,0.425515206535454,0.8513200283050537
296,evaluation,1.04341991010651e-05,0.49102004438261443,0.8651999831199646
297,train,1.0244252618962858e-05,0.42551881825680016,0.8521199822425842
297,evaluation,1.0244252618962858e-05,0.4873179265215427,0.866100013256073
298,train,1.0108561679951479e-05,0.425927708749576,0.8502600193023682
298,evaluation,1.0108561679951479e-05,0.4920659570754329,0.8644000291824341
299,train,1.002714116407149e-05,0.4233575287987204,0.8517199754714966
299,evaluation,1.002714116407149e-05,0.49024679860736753,0.864799976348877
